Code,Day,Treatment,Conditions_Explained
D2A1,2,Mix-14_D2,Mix-14
D2A2,2,Mix-14_D2,Mix-14
D2A3,2,Mix-14_D2,Mix-14
D2A4,2,Mix-14_D2,Mix-14
D2A5,2,Mix-14_D2,Mix-14
D2A6,2,Mix-14_D2,Mix-14
D2B1,2,Mix-14_Antibiotics_D2,Mix-14_Antibiotics
D2B2,2,Mix-14_Antibiotics_D2,Mix-14_Antibiotics
D2B3,2,Mix-14_Antibiotics_D2,Mix-14_Antibiotics
D2B4,2,Mix-14_Antibiotics_D2,Mix-14_Antibiotics
D2B5,2,Mix-14_Antibiotics_D2,Mix-14_Antibiotics
D2B6,2,Mix-14_Antibiotics_D2,Mix-14_Antibiotics
D2T1,2,Mix-14_Antibiotics_C.difficile_D2,Mix-14_Antibiotics_C.difficile
D2T2,2,Mix-14_Antibiotics_C.difficile_D2,Mix-14_Antibiotics_C.difficile
D2T3,2,Mix-14_Antibiotics_C.difficile_D2,Mix-14_Antibiotics_C.difficile
D2T4,2,Mix-14_Antibiotics_C.difficile_D2,Mix-14_Antibiotics_C.difficile
D2T5,2,Mix-14_Antibiotics_C.difficile_D2,Mix-14_Antibiotics_C.difficile
D2T6,2,Mix-14_Antibiotics_C.difficile_D2,Mix-14_Antibiotics_C.difficile
D3T1,3,Mix-14_Antibiotics_C.difficile_D3,Mix-14_Antibiotics_C.difficile
D3T2,3,Mix-14_Antibiotics_C.difficile_D3,Mix-14_Antibiotics_C.difficile
D3T3,3,Mix-14_Antibiotics_C.difficile_D3,Mix-14_Antibiotics_C.difficile
D3T4,3,Mix-14_Antibiotics_C.difficile_D3,Mix-14_Antibiotics_C.difficile
D3T5,3,Mix-14_Antibiotics_C.difficile_D3,Mix-14_Antibiotics_C.difficile
D3T6,3,Mix-14_Antibiotics_C.difficile_D3,Mix-14_Antibiotics_C.difficile
D3A1,3,Mix-14_D3,Mix-14
D3A2,3,Mix-14_D3,Mix-14
D3A3,3,Mix-14_D3,Mix-14
D3A4,3,Mix-14_D3,Mix-14
D3A5,3,Mix-14_D3,Mix-14
D3A6,3,Mix-14_D3,Mix-14
D3B1,3,Mix-14_Antibiotics_D3,Mix-14_Antibiotics
D3B2,3,Mix-14_Antibiotics_D3,Mix-14_Antibiotics
D3B3,3,Mix-14_Antibiotics_D3,Mix-14_Antibiotics
D3B4,3,Mix-14_Antibiotics_D3,Mix-14_Antibiotics
D3B5,3,Mix-14_Antibiotics_D3,Mix-14_Antibiotics
D3B6,3,Mix-14_Antibiotics_D3,Mix-14_Antibiotics
D4A1,4,Mix-14_D4,Mix-14
D4A2,4,Mix-14_D4,Mix-14
D4A3,4,Mix-14_D4,Mix-14
D4A4,4,Mix-14_D4,Mix-14
D4A5,4,Mix-14_D4,Mix-14
D4A6,4,Mix-14_D4,Mix-14
D4B1,4,Mix-14_Antibiotics_D4,Mix-14_Antibiotics
D4B2,4,Mix-14_Antibiotics_D4,Mix-14_Antibiotics
D4B3,4,Mix-14_Antibiotics_D4,Mix-14_Antibiotics
D4B4,4,Mix-14_Antibiotics_D4,Mix-14_Antibiotics
D4B5,4,Mix-14_Antibiotics_D4,Mix-14_Antibiotics
D4B6,4,Mix-14_Antibiotics_D4,Mix-14_Antibiotics
D4T1,4,Mix-14_Antibiotics_C.difficile_D4,Mix-14_Antibiotics_C.difficile
D4T2,4,Mix-14_Antibiotics_C.difficile_D4,Mix-14_Antibiotics_C.difficile
D4T3,4,Mix-14_Antibiotics_C.difficile_D4,Mix-14_Antibiotics_C.difficile
D4T4,4,Mix-14_Antibiotics_C.difficile_D4,Mix-14_Antibiotics_C.difficile
D4T5,4,Mix-14_Antibiotics_C.difficile_D4,Mix-14_Antibiotics_C.difficile
D4T6,4,Mix-14_Antibiotics_C.difficile_D4,Mix-14_Antibiotics_C.difficile
D5A1,5,Mix-14_D5,Mix-14
D5A2,5,Mix-14_D5,Mix-14
D5A3,5,Mix-14_D5,Mix-14
D5A4,5,Mix-14_D5,Mix-14
D5A5,5,Mix-14_D5,Mix-14
D5A6,5,Mix-14_D5,Mix-14
D5B1,5,Mix-14_Antibiotics_D5,Mix-14_Antibiotics
D5B2,5,Mix-14_Antibiotics_D5,Mix-14_Antibiotics
D5B3,5,Mix-14_Antibiotics_D5,Mix-14_Antibiotics
D5B4,5,Mix-14_Antibiotics_D5,Mix-14_Antibiotics
D5B5,5,Mix-14_Antibiotics_D5,Mix-14_Antibiotics
D5B6,5,Mix-14_Antibiotics_D5,Mix-14_Antibiotics
D5T1,5,Mix-14_Antibiotics_C.difficile_D5,Mix-14_Antibiotics_C.difficile
D5T2,5,Mix-14_Antibiotics_C.difficile_D5,Mix-14_Antibiotics_C.difficile
D5T3,5,Mix-14_Antibiotics_C.difficile_D5,Mix-14_Antibiotics_C.difficile
D5T4,5,Mix-14_Antibiotics_C.difficile_D5,Mix-14_Antibiotics_C.difficile
D5T5,5,Mix-14_Antibiotics_C.difficile_D5,Mix-14_Antibiotics_C.difficile
D5T6,5,Mix-14_Antibiotics_C.difficile_D5,Mix-14_Antibiotics_C.difficile
D6A1,6,Mix-14_D6,Mix-14
D6A2,6,Mix-14_D6,Mix-14
D6A3,6,Mix-14_D6,Mix-14
D6A4,6,Mix-14_D6,Mix-14
D6A5,6,Mix-14_D6,Mix-14
D6A6,6,Mix-14_D6,Mix-14
D6B1,6,Mix-14_Antibiotics_D6,Mix-14_Antibiotics
D6B2,6,Mix-14_Antibiotics_D6,Mix-14_Antibiotics
D6B3,6,Mix-14_Antibiotics_D6,Mix-14_Antibiotics
D6B4,6,Mix-14_Antibiotics_D6,Mix-14_Antibiotics
D6B5,6,Mix-14_Antibiotics_D6,Mix-14_Antibiotics
D6B6,6,Mix-14_Antibiotics_D6,Mix-14_Antibiotics
D6T1,6,Mix-14_Antibiotics_C.difficile_D6,Mix-14_Antibiotics_C.difficile
D6T2,6,Mix-14_Antibiotics_C.difficile_D6,Mix-14_Antibiotics_C.difficile
D6T3,6,Mix-14_Antibiotics_C.difficile_D6,Mix-14_Antibiotics_C.difficile
D6T4,6,Mix-14_Antibiotics_C.difficile_D6,Mix-14_Antibiotics_C.difficile
D6T5,6,Mix-14_Antibiotics_C.difficile_D6,Mix-14_Antibiotics_C.difficile
D6T6,6,Mix-14_Antibiotics_C.difficile_D6,Mix-14_Antibiotics_C.difficile
D7A1,7,Mix-14_D7,Mix-14
D7A2,7,Mix-14_D7,Mix-14
D7A3,7,Mix-14_D7,Mix-14
D7A4,7,Mix-14_D7,Mix-14
D7A5,7,Mix-14_D7,Mix-14
D7A6,7,Mix-14_D7,Mix-14
D7B1,7,Mix-14_Antibiotics_D7,Mix-14_Antibiotics
D7B2,7,Mix-14_Antibiotics_D7,Mix-14_Antibiotics
D7B3,7,Mix-14_Antibiotics_D7,Mix-14_Antibiotics
D7B4,7,Mix-14_Antibiotics_D7,Mix-14_Antibiotics
D7B5,7,Mix-14_Antibiotics_D7,Mix-14_Antibiotics
D7B6,7,Mix-14_Antibiotics_D7,Mix-14_Antibiotics
D7T1,7,Mix-14_Antibiotics_C.difficile_D7,Mix-14_Antibiotics_C.difficile
D7T2,7,Mix-14_Antibiotics_C.difficile_D7,Mix-14_Antibiotics_C.difficile
D7T3,7,Mix-14_Antibiotics_C.difficile_D7,Mix-14_Antibiotics_C.difficile
D7T4,7,Mix-14_Antibiotics_C.difficile_D7,Mix-14_Antibiotics_C.difficile
D7T5,7,Mix-14_Antibiotics_C.difficile_D7,Mix-14_Antibiotics_C.difficile
D7T6,7,Mix-14_Antibiotics_C.difficile_D7,Mix-14_Antibiotics_C.difficile
D8A1,8,Mix-14_D8,Mix-14
D8A2,8,Mix-14_D8,Mix-14
D8A3,8,Mix-14_D8,Mix-14
D8A4,8,Mix-14_D8,Mix-14
D8A5,8,Mix-14_D8,Mix-14
D8A6,8,Mix-14_D8,Mix-14
D8B1,8,Mix-14_Antibiotics_D8,Mix-14_Antibiotics
D8B2,8,Mix-14_Antibiotics_D8,Mix-14_Antibiotics
D8B3,8,Mix-14_Antibiotics_D8,Mix-14_Antibiotics
D8B4,8,Mix-14_Antibiotics_D8,Mix-14_Antibiotics
D8B5,8,Mix-14_Antibiotics_D8,Mix-14_Antibiotics
D8B6,8,Mix-14_Antibiotics_D8,Mix-14_Antibiotics
D8T1,8,Mix-14_Antibiotics_C.difficile_D8,Mix-14_Antibiotics_C.difficile
D8T2,8,Mix-14_Antibiotics_C.difficile_D8,Mix-14_Antibiotics_C.difficile
D8T3,8,Mix-14_Antibiotics_C.difficile_D8,Mix-14_Antibiotics_C.difficile
D8T4,8,Mix-14_Antibiotics_C.difficile_D8,Mix-14_Antibiotics_C.difficile
D8T5,8,Mix-14_Antibiotics_C.difficile_D8,Mix-14_Antibiotics_C.difficile
D8T6,8,Mix-14_Antibiotics_C.difficile_D8,Mix-14_Antibiotics_C.difficile
D9A1,9,Mix-14_D9,Mix-14
D9A2,9,Mix-14_D9,Mix-14
D9A3,9,Mix-14_D9,Mix-14
D9A4,9,Mix-14_D9,Mix-14
D9A5,9,Mix-14_D9,Mix-14
D9A6,9,Mix-14_D9,Mix-14
D9B1,9,Mix-14_Antibiotics_D9,Mix-14_Antibiotics
D9B2,9,Mix-14_Antibiotics_D9,Mix-14_Antibiotics
D9B3,9,Mix-14_Antibiotics_D9,Mix-14_Antibiotics
D9B4,9,Mix-14_Antibiotics_D9,Mix-14_Antibiotics
D9B5,9,Mix-14_Antibiotics_D9,Mix-14_Antibiotics
D9B6,9,Mix-14_Antibiotics_D9,Mix-14_Antibiotics
D9T1,9,Mix-14_Antibiotics_C.difficile_D9,Mix-14_Antibiotics_C.difficile
D9T2,9,Mix-14_Antibiotics_C.difficile_D9,Mix-14_Antibiotics_C.difficile
D9T3,9,Mix-14_Antibiotics_C.difficile_D9,Mix-14_Antibiotics_C.difficile
D9T4,9,Mix-14_Antibiotics_C.difficile_D9,Mix-14_Antibiotics_C.difficile
D9T5,9,Mix-14_Antibiotics_C.difficile_D9,Mix-14_Antibiotics_C.difficile
D9T6,9,Mix-14_Antibiotics_C.difficile_D9,Mix-14_Antibiotics_C.difficile
D10A1,10,Mix-14_D10,Mix-14
D10A2,10,Mix-14_D10,Mix-14
D10A3,10,Mix-14_D10,Mix-14
D10A4,10,Mix-14_D10,Mix-14
D10A5,10,Mix-14_D10,Mix-14
D10A6,10,Mix-14_D10,Mix-14
D10B1,10,Mix-14_Antibiotics_D10,Mix-14_Antibiotics
D10B2,10,Mix-14_Antibiotics_D10,Mix-14_Antibiotics
D10B3,10,Mix-14_Antibiotics_D10,Mix-14_Antibiotics
D10B4,10,Mix-14_Antibiotics_D10,Mix-14_Antibiotics
D10B5,10,Mix-14_Antibiotics_D10,Mix-14_Antibiotics
D10B6,10,Mix-14_Antibiotics_D10,Mix-14_Antibiotics
D10T1,10,Mix-14_Antibiotics_C.difficile_D10,Mix-14_Antibiotics_C.difficile
D10T2,10,Mix-14_Antibiotics_C.difficile_D10,Mix-14_Antibiotics_C.difficile
D10T3,10,Mix-14_Antibiotics_C.difficile_D10,Mix-14_Antibiotics_C.difficile
D10T4,10,Mix-14_Antibiotics_C.difficile_D10,Mix-14_Antibiotics_C.difficile
D10T5,10,Mix-14_Antibiotics_C.difficile_D10,Mix-14_Antibiotics_C.difficile
D10T6,10,Mix-14_Antibiotics_C.difficile_D10,Mix-14_Antibiotics_C.difficile
D11A1,11,Mix-14_D11,Mix-14
D11A2,11,Mix-14_D11,Mix-14
D11A3,11,Mix-14_D11,Mix-14
D11A4,11,Mix-14_D11,Mix-14
D11A5,11,Mix-14_D11,Mix-14
D11A6,11,Mix-14_D11,Mix-14
D11B1,11,Mix-14_Antibiotics_D11,Mix-14_Antibiotics
D11B2,11,Mix-14_Antibiotics_D11,Mix-14_Antibiotics
D11B3,11,Mix-14_Antibiotics_D11,Mix-14_Antibiotics
D11B4,11,Mix-14_Antibiotics_D11,Mix-14_Antibiotics
D11B5,11,Mix-14_Antibiotics_D11,Mix-14_Antibiotics
D11B6,11,Mix-14_Antibiotics_D11,Mix-14_Antibiotics
D11T1,11,Mix-14_Antibiotics_C.difficile_D11,Mix-14_Antibiotics_C.difficile
D11T2,11,Mix-14_Antibiotics_C.difficile_D11,Mix-14_Antibiotics_C.difficile
D11T3,11,Mix-14_Antibiotics_C.difficile_D11,Mix-14_Antibiotics_C.difficile
D11T4,11,Mix-14_Antibiotics_C.difficile_D11,Mix-14_Antibiotics_C.difficile
D11T5,11,Mix-14_Antibiotics_C.difficile_D11,Mix-14_Antibiotics_C.difficile
D11T6,11,Mix-14_Antibiotics_C.difficile_D11,Mix-14_Antibiotics_C.difficile
D12A1,12,Mix-14_D12,Mix-14
D12A2,12,Mix-14_D12,Mix-14
D12A3,12,Mix-14_D12,Mix-14
D12A4,12,Mix-14_D12,Mix-14
D12A5,12,Mix-14_D12,Mix-14
D12A6,12,Mix-14_D12,Mix-14
D12B1,12,Mix-14_Antibiotics_D12,Mix-14_Antibiotics
D12B2,12,Mix-14_Antibiotics_D12,Mix-14_Antibiotics
D12B3,12,Mix-14_Antibiotics_D12,Mix-14_Antibiotics
D12B4,12,Mix-14_Antibiotics_D12,Mix-14_Antibiotics
D12B5,12,Mix-14_Antibiotics_D12,Mix-14_Antibiotics
D12B6,12,Mix-14_Antibiotics_D12,Mix-14_Antibiotics
D12T1,12,Mix-14_Antibiotics_C.difficile_D12,Mix-14_Antibiotics_C.difficile
D12T2,12,Mix-14_Antibiotics_C.difficile_D12,Mix-14_Antibiotics_C.difficile
D12T3,12,Mix-14_Antibiotics_C.difficile_D12,Mix-14_Antibiotics_C.difficile
D12T4,12,Mix-14_Antibiotics_C.difficile_D12,Mix-14_Antibiotics_C.difficile
D12T5,12,Mix-14_Antibiotics_C.difficile_D12,Mix-14_Antibiotics_C.difficile
D12T6,12,Mix-14_Antibiotics_C.difficile_D12,Mix-14_Antibiotics_C.difficile
D13A1,13,Mix-14_D13,Mix-14
D13A2,13,Mix-14_D13,Mix-14
D13A3,13,Mix-14_D13,Mix-14
D13A4,13,Mix-14_D13,Mix-14
D13A5,13,Mix-14_D13,Mix-14
D13A6,13,Mix-14_D13,Mix-14
D13B1,13,Mix-14_Antibiotics_D13,Mix-14_Antibiotics
D13B2,13,Mix-14_Antibiotics_D13,Mix-14_Antibiotics
D13B3,13,Mix-14_Antibiotics_D13,Mix-14_Antibiotics
D13B4,13,Mix-14_Antibiotics_D13,Mix-14_Antibiotics
D13B5,13,Mix-14_Antibiotics_D13,Mix-14_Antibiotics
D13B6,13,Mix-14_Antibiotics_D13,Mix-14_Antibiotics
D13T1,13,Mix-14_Antibiotics_C.difficile_D13,Mix-14_Antibiotics_C.difficile
D13T2,13,Mix-14_Antibiotics_C.difficile_D13,Mix-14_Antibiotics_C.difficile
D13T3,13,Mix-14_Antibiotics_C.difficile_D13,Mix-14_Antibiotics_C.difficile
D13T4,13,Mix-14_Antibiotics_C.difficile_D13,Mix-14_Antibiotics_C.difficile
D13T5,13,Mix-14_Antibiotics_C.difficile_D13,Mix-14_Antibiotics_C.difficile
D13T6,13,Mix-14_Antibiotics_C.difficile_D13,Mix-14_Antibiotics_C.difficile
D14A1,14,Mix-14_D14,Mix-14
D14A2,14,Mix-14_D14,Mix-14
D14A3,14,Mix-14_D14,Mix-14
D14A4,14,Mix-14_D14,Mix-14
D14A5,14,Mix-14_D14,Mix-14
D14A6,14,Mix-14_D14,Mix-14
D14B1,14,Mix-14_Antibiotics_D14,Mix-14_Antibiotics
D14B2,14,Mix-14_Antibiotics_D14,Mix-14_Antibiotics
D14B3,14,Mix-14_Antibiotics_D14,Mix-14_Antibiotics
D14B4,14,Mix-14_Antibiotics_D14,Mix-14_Antibiotics
D14B5,14,Mix-14_Antibiotics_D14,Mix-14_Antibiotics
D14B6,14,Mix-14_Antibiotics_D14,Mix-14_Antibiotics
D14T1,14,Mix-14_Antibiotics_C.difficile_D14,Mix-14_Antibiotics_C.difficile
D14T2,14,Mix-14_Antibiotics_C.difficile_D14,Mix-14_Antibiotics_C.difficile
D14T3,14,Mix-14_Antibiotics_C.difficile_D14,Mix-14_Antibiotics_C.difficile
D14T4,14,Mix-14_Antibiotics_C.difficile_D14,Mix-14_Antibiotics_C.difficile
D14T5,14,Mix-14_Antibiotics_C.difficile_D14,Mix-14_Antibiotics_C.difficile
D14T6,14,Mix-14_Antibiotics_C.difficile_D14,Mix-14_Antibiotics_C.difficile
D15A1,15,Mix-14_D15,Mix-14
D15A2,15,Mix-14_D15,Mix-14
D15A3,15,Mix-14_D15,Mix-14
D15A4,15,Mix-14_D15,Mix-14
D15A5,15,Mix-14_D15,Mix-14
D15A6,15,Mix-14_D15,Mix-14
D15B1,15,Mix-14_Antibiotics_D15,Mix-14_Antibiotics
D15B2,15,Mix-14_Antibiotics_D15,Mix-14_Antibiotics
D15B3,15,Mix-14_Antibiotics_D15,Mix-14_Antibiotics
D15B4,15,Mix-14_Antibiotics_D15,Mix-14_Antibiotics
D15B5,15,Mix-14_Antibiotics_D15,Mix-14_Antibiotics
D15B6,15,Mix-14_Antibiotics_D15,Mix-14_Antibiotics
D15T1,15,Mix-14_Antibiotics_C.difficile_D15,Mix-14_Antibiotics_C.difficile
D15T2,15,Mix-14_Antibiotics_C.difficile_D15,Mix-14_Antibiotics_C.difficile
D15T3,15,Mix-14_Antibiotics_C.difficile_D15,Mix-14_Antibiotics_C.difficile
D15T4,15,Mix-14_Antibiotics_C.difficile_D15,Mix-14_Antibiotics_C.difficile
D15T5,15,Mix-14_Antibiotics_C.difficile_D15,Mix-14_Antibiotics_C.difficile
D15T6,15,Mix-14_Antibiotics_C.difficile_D15,Mix-14_Antibiotics_C.difficile
D16A1,16,Mix-14_D16,Mix-14
D16A2,16,Mix-14_D16,Mix-14
D16A3,16,Mix-14_D16,Mix-14
D16A4,16,Mix-14_D16,Mix-14
D16A5,16,Mix-14_D16,Mix-14
D16A6,16,Mix-14_D16,Mix-14
D16B1,16,Mix-14_Antibiotics_D16,Mix-14_Antibiotics
D16B2,16,Mix-14_Antibiotics_D16,Mix-14_Antibiotics
D16B3,16,Mix-14_Antibiotics_D16,Mix-14_Antibiotics
D16B4,16,Mix-14_Antibiotics_D16,Mix-14_Antibiotics
D16B5,16,Mix-14_Antibiotics_D16,Mix-14_Antibiotics
D16B6,16,Mix-14_Antibiotics_D16,Mix-14_Antibiotics
D16T1,16,Mix-14_Antibiotics_C.difficile_D16,Mix-14_Antibiotics_C.difficile
D16T2,16,Mix-14_Antibiotics_C.difficile_D16,Mix-14_Antibiotics_C.difficile
D16T3,16,Mix-14_Antibiotics_C.difficile_D16,Mix-14_Antibiotics_C.difficile
D16T4,16,Mix-14_Antibiotics_C.difficile_D16,Mix-14_Antibiotics_C.difficile
D16T5,16,Mix-14_Antibiotics_C.difficile_D16,Mix-14_Antibiotics_C.difficile
D16T6,16,Mix-14_Antibiotics_C.difficile_D16,Mix-14_Antibiotics_C.difficile
D17A1,17,Mix-14_D17,Mix-14
D17A2,17,Mix-14_D17,Mix-14
D17A3,17,Mix-14_D17,Mix-14
D17A4,17,Mix-14_D17,Mix-14
D17A5,17,Mix-14_D17,Mix-14
D17A6,17,Mix-14_D17,Mix-14
D17B1,17,Mix-14_Antibiotics_D17,Mix-14_Antibiotics
D17B2,17,Mix-14_Antibiotics_D17,Mix-14_Antibiotics
D17B3,17,Mix-14_Antibiotics_D17,Mix-14_Antibiotics
D17B4,17,Mix-14_Antibiotics_D17,Mix-14_Antibiotics
D17B5,17,Mix-14_Antibiotics_D17,Mix-14_Antibiotics
D17B6,17,Mix-14_Antibiotics_D17,Mix-14_Antibiotics
D17T1,17,Mix-14_Antibiotics_C.difficile_D17,Mix-14_Antibiotics_C.difficile
D17T2,17,Mix-14_Antibiotics_C.difficile_D17,Mix-14_Antibiotics_C.difficile
D17T3,17,Mix-14_Antibiotics_C.difficile_D17,Mix-14_Antibiotics_C.difficile
D17T4,17,Mix-14_Antibiotics_C.difficile_D17,Mix-14_Antibiotics_C.difficile
D17T5,17,Mix-14_Antibiotics_C.difficile_D17,Mix-14_Antibiotics_C.difficile
D17T6,17,Mix-14_Antibiotics_C.difficile_D17,Mix-14_Antibiotics_C.difficile
D18A1,18,Mix-14_D18,Mix-14
D18A2,18,Mix-14_D18,Mix-14
D18A3,18,Mix-14_D18,Mix-14
D18A4,18,Mix-14_D18,Mix-14
D18A5,18,Mix-14_D18,Mix-14
D18A6,18,Mix-14_D18,Mix-14
D18B1,18,Mix-14_Antibiotics_D18,Mix-14_Antibiotics
D18B2,18,Mix-14_Antibiotics_D18,Mix-14_Antibiotics
D18B3,18,Mix-14_Antibiotics_D18,Mix-14_Antibiotics
D18B4,18,Mix-14_Antibiotics_D18,Mix-14_Antibiotics
D18B5,18,Mix-14_Antibiotics_D18,Mix-14_Antibiotics
D18B6,18,Mix-14_Antibiotics_D18,Mix-14_Antibiotics
D18T1,18,Mix-14_Antibiotics_C.difficile_D18,Mix-14_Antibiotics_C.difficile
D18T2,18,Mix-14_Antibiotics_C.difficile_D18,Mix-14_Antibiotics_C.difficile
D18T3,18,Mix-14_Antibiotics_C.difficile_D18,Mix-14_Antibiotics_C.difficile
D18T4,18,Mix-14_Antibiotics_C.difficile_D18,Mix-14_Antibiotics_C.difficile
D18T5,18,Mix-14_Antibiotics_C.difficile_D18,Mix-14_Antibiotics_C.difficile
D18T6,18,Mix-14_Antibiotics_C.difficile_D18,Mix-14_Antibiotics_C.difficile
D19A1,19,Mix-14_D19,Mix-14
D19A2,19,Mix-14_D19,Mix-14
D19A3,19,Mix-14_D19,Mix-14
D19A4,19,Mix-14_D19,Mix-14
D19A5,19,Mix-14_D19,Mix-14
D19A6,19,Mix-14_D19,Mix-14
D19B1,19,Mix-14_Antibiotics_D19,Mix-14_Antibiotics
D19B2,19,Mix-14_Antibiotics_D19,Mix-14_Antibiotics
D19B3,19,Mix-14_Antibiotics_D19,Mix-14_Antibiotics
D19B4,19,Mix-14_Antibiotics_D19,Mix-14_Antibiotics
D19B5,19,Mix-14_Antibiotics_D19,Mix-14_Antibiotics
D19B6,19,Mix-14_Antibiotics_D19,Mix-14_Antibiotics
D19T1,19,Mix-14_Antibiotics_C.difficile_D19,Mix-14_Antibiotics_C.difficile
D19T2,19,Mix-14_Antibiotics_C.difficile_D19,Mix-14_Antibiotics_C.difficile
D19T3,19,Mix-14_Antibiotics_C.difficile_D19,Mix-14_Antibiotics_C.difficile
D19T4,19,Mix-14_Antibiotics_C.difficile_D19,Mix-14_Antibiotics_C.difficile
D19T5,19,Mix-14_Antibiotics_C.difficile_D19,Mix-14_Antibiotics_C.difficile
D19T6,19,Mix-14_Antibiotics_C.difficile_D19,Mix-14_Antibiotics_C.difficile
D20A1,20,Mix-14_D20,Mix-14
D20A2,20,Mix-14_D20,Mix-14
D20A3,20,Mix-14_D20,Mix-14
D20A4,20,Mix-14_D20,Mix-14
D20A5,20,Mix-14_D20,Mix-14
D20A6,20,Mix-14_D20,Mix-14
D20B1,20,Mix-14_Antibiotics_D20,Mix-14_Antibiotics
D20B2,20,Mix-14_Antibiotics_D20,Mix-14_Antibiotics
D20B3,20,Mix-14_Antibiotics_D20,Mix-14_Antibiotics
D20B4,20,Mix-14_Antibiotics_D20,Mix-14_Antibiotics
D20B5,20,Mix-14_Antibiotics_D20,Mix-14_Antibiotics
D20B6,20,Mix-14_Antibiotics_D20,Mix-14_Antibiotics
D20T1,20,Mix-14_Antibiotics_C.difficile_D20,Mix-14_Antibiotics_C.difficile
D20T2,20,Mix-14_Antibiotics_C.difficile_D20,Mix-14_Antibiotics_C.difficile
D20T3,20,Mix-14_Antibiotics_C.difficile_D20,Mix-14_Antibiotics_C.difficile
D20T4,20,Mix-14_Antibiotics_C.difficile_D20,Mix-14_Antibiotics_C.difficile
D20T5,20,Mix-14_Antibiotics_C.difficile_D20,Mix-14_Antibiotics_C.difficile
D20T6,20,Mix-14_Antibiotics_C.difficile_D20,Mix-14_Antibiotics_C.difficile
D21B1,21,Mix-14_D21,Mix-14
D21B2,21,Mix-14_D21,Mix-14
D21B3,21,Mix-14_D21,Mix-14
D21B4,21,Mix-14_D21,Mix-14
D21B5,21,Mix-14_D21,Mix-14
D21B6,21,Mix-14_D21,Mix-14
D21A1,21,Mix-14_Antibiotics_D21,Mix-14_Antibiotics
D21A2,21,Mix-14_Antibiotics_D21,Mix-14_Antibiotics
D21A3,21,Mix-14_Antibiotics_D21,Mix-14_Antibiotics
D21A4,21,Mix-14_Antibiotics_D21,Mix-14_Antibiotics
D21A5,21,Mix-14_Antibiotics_D21,Mix-14_Antibiotics
D21A6,21,Mix-14_Antibiotics_D21,Mix-14_Antibiotics
D21T1,21,Mix-14_Antibiotics_C.difficile_D21,Mix-14_Antibiotics_C.difficile
D21T2,21,Mix-14_Antibiotics_C.difficile_D21,Mix-14_Antibiotics_C.difficile
D21T3,21,Mix-14_Antibiotics_C.difficile_D21,Mix-14_Antibiotics_C.difficile
D21T4,21,Mix-14_Antibiotics_C.difficile_D21,Mix-14_Antibiotics_C.difficile
D21T5,21,Mix-14_Antibiotics_C.difficile_D21,Mix-14_Antibiotics_C.difficile
D21T6,21,Mix-14_Antibiotics_C.difficile_D21,Mix-14_Antibiotics_C.difficile
D22A1,22,Mix-14_D22,Mix-14
D22A2,22,Mix-14_D22,Mix-14
D22A3,22,Mix-14_D22,Mix-14
D22A4,22,Mix-14_D22,Mix-14
D22A5,22,Mix-14_D22,Mix-14
D22A6,22,Mix-14_D22,Mix-14
D22B1,22,Mix-14_Antibiotics_D22,Mix-14_Antibiotics
D22B2,22,Mix-14_Antibiotics_D22,Mix-14_Antibiotics
D22B3,22,Mix-14_Antibiotics_D22,Mix-14_Antibiotics
D22B4,22,Mix-14_Antibiotics_D22,Mix-14_Antibiotics
D22B5,22,Mix-14_Antibiotics_D22,Mix-14_Antibiotics
D22B6,22,Mix-14_Antibiotics_D22,Mix-14_Antibiotics
D22T1,22,Mix-14_Antibiotics_C.difficile_D22,Mix-14_Antibiotics_C.difficile
D22T2,22,Mix-14_Antibiotics_C.difficile_D22,Mix-14_Antibiotics_C.difficile
D22T3,22,Mix-14_Antibiotics_C.difficile_D22,Mix-14_Antibiotics_C.difficile
D22T4,22,Mix-14_Antibiotics_C.difficile_D22,Mix-14_Antibiotics_C.difficile
D22T5,22,Mix-14_Antibiotics_C.difficile_D22,Mix-14_Antibiotics_C.difficile
D22T6,22,Mix-14_Antibiotics_C.difficile_D22,Mix-14_Antibiotics_C.difficile
D23A1,23,Mix-14_D23,Mix-14
D23A2,23,Mix-14_D23,Mix-14
D23A3,23,Mix-14_D23,Mix-14
D23A4,23,Mix-14_D23,Mix-14
D23A5,23,Mix-14_D23,Mix-14
D23A6,23,Mix-14_D23,Mix-14
D23B1,23,Mix-14_Antibiotics_D23,Mix-14_Antibiotics
D23B2,23,Mix-14_Antibiotics_D23,Mix-14_Antibiotics
D23B3,23,Mix-14_Antibiotics_D23,Mix-14_Antibiotics
D23B4,23,Mix-14_Antibiotics_D23,Mix-14_Antibiotics
D23B5,23,Mix-14_Antibiotics_D23,Mix-14_Antibiotics
D23B6,23,Mix-14_Antibiotics_D23,Mix-14_Antibiotics
D23T1,23,Mix-14_Antibiotics_C.difficile_D23,Mix-14_Antibiotics_C.difficile
D23T2,23,Mix-14_Antibiotics_C.difficile_D23,Mix-14_Antibiotics_C.difficile
D23T3,23,Mix-14_Antibiotics_C.difficile_D23,Mix-14_Antibiotics_C.difficile
D23T4,23,Mix-14_Antibiotics_C.difficile_D23,Mix-14_Antibiotics_C.difficile
D23T5,23,Mix-14_Antibiotics_C.difficile_D23,Mix-14_Antibiotics_C.difficile
D23T6,23,Mix-14_Antibiotics_C.difficile_D23,Mix-14_Antibiotics_C.difficile
Inoculum,0,Initial Inoculum containing Mix-14,Initial Inoculum containing Mix-14
,,,
,,,
,,,
,,,